execution,n_threads,n_process,time
1,8,2,14.37144
2,8,2,13.83046
3,8,2,13.55801
1,8,4,14.07162
2,8,4,12.40905
3,8,4,12.79946
