execution,n_threads,n_process,time
1,1,2,26.60099
2,1,2,28.60614
1,2,2,26.60099
2,2,2,28.60614
