execution,n_threads,n_process,time
1,8,2,13.93713
2,8,2,14.07709
1,8,4,13.93713
2,8,4,14.07709
