execution,n_threads,n_process,time
1,8,2,16.30132
2,8,2,15.23334
3,8,2,15.58656
1,8,4,16.30132
2,8,4,15.23334
3,8,4,15.58656
