execution,n_threads,n_process,time
1,8,2,15.74121
2,8,2,16.11964
3,8,2,15.98861
1,8,4,15.74121
2,8,4,16.11964
3,8,4,15.98861
