execution,n_threads,n_process,time
1,8,2,15.10723
2,8,2,14.13155
1,8,4,15.10723
2,8,4,14.13155
